-- phpMyAdmin SQL Dump
-- version 4.5.4.1deb2ubuntu2
-- http://www.phpmyadmin.net
--
-- Host: localhost
-- Generation Time: 2018-03-05 20:26:43
-- 服务器版本： 5.7.21-0ubuntu0.16.04.1
-- PHP Version: 7.0.22-0ubuntu0.16.04.1

SET SQL_MODE = "NO_AUTO_VALUE_ON_ZERO";
SET time_zone = "+00:00";


/*!40101 SET @OLD_CHARACTER_SET_CLIENT=@@CHARACTER_SET_CLIENT */;
/*!40101 SET @OLD_CHARACTER_SET_RESULTS=@@CHARACTER_SET_RESULTS */;
/*!40101 SET @OLD_COLLATION_CONNECTION=@@COLLATION_CONNECTION */;
/*!40101 SET NAMES utf8mb4 */;

--
-- Database: `share`
--

-- --------------------------------------------------------

--
-- 表的结构 `comment`
--

CREATE TABLE `comment` (
  `id` int(254) NOT NULL,
  `user_id` int(255) NOT NULL COMMENT '外键',
  `value` varchar(1000) NOT NULL COMMENT '评论',
  `time` varchar(100) NOT NULL COMMENT '评论时间'
) ENGINE=InnoDB DEFAULT CHARSET=utf8;

--
-- 转存表中的数据 `comment`
--

INSERT INTO `comment` (`id`, `user_id`, `value`, `time`) VALUES
(60, 46, '占个楼', '1518664998'),
(61, 46, '嘻嘻一楼，新年快乐^_^', '1518665082'),
(62, 46, '狗年大吉ʕ •ᴥ•ʔ', '1518665160'),
(63, 47, '祝各位新年快乐，学校越办越好^_^', '1518665233'),
(64, 50, '亲，欢迎大家评论并转发！', '1518665500'),
(65, 48, '作为广外人很高兴能有这样一个广外专属的祝福页面了，在这里祝福各位校友各位同学新春快乐，狗年大吉', '1518665517'),
(66, 51, '好厉害的样子，祝大家新年快乐^_^', '1518665622'),
(67, 52, '很棒耶，祝大家狗年大吉', '1518665700'),
(68, 54, '毕业两年了，今天突然看到这个莫名觉得好欣慰，真的希望母校越办越好，越来越成功！', '1518665892'),
(69, 55, 'print “Hello GDUFS(^_^)”', '1518665999'),
(70, 56, '祝大家新春快乐', '1518669022'),
(71, 57, '新年快乐！', '1518695867'),
(72, 58, '新春快乐，大爱广外', '1518707834'),
(73, 64, '祝大家新年快乐！狗年吉祥！', '1518710997'),
(74, 63, 'Wish you a very delightful and lovely New Year!', '1518711054'),
(75, 65, '各位校友，新春快乐！身体健康！万事如意！', '1518711061'),
(76, 70, '家恒祝广外校友们在新的一年里吉星高照，旺年行旺运！[發][發][發][發][發]', '1518711195'),
(77, 68, '祝大家幸福好运常相伴，常逢喜事精神爽', '1518711201'),
(78, 71, '祝大家狗年旺旺旺', '1518711232'),
(79, 67, '祝校友们新年快乐！！！', '1518711569'),
(80, 83, '祝各位老师、师兄师姐、师弟师妹们万事如意！旺旺旺！！！', '1518711691'),
(81, 72, '新春快乐\n祝广外全体校友，男的俊俏无双，女的光彩夺目', '1518711742'),
(82, 84, '新的一年，祝大家健健康康、快快乐乐！', '1518711830'),
(83, 86, '新年快乐！身体健康！万事如意！财源广进！步步高升！爱情圆满！', '1518711948'),
(84, 87, '如今迈步从头越，喜看母校谱新章！', '1518711994'),
(85, 89, '祝大家新年快乐，身体健康，万事如意！在校师弟师妹学业有成，毕业的各位新一年赚得盆满钵满！', '1518712045'),
(86, 90, '祝大家气场两米八\n', '1518712057'),
(87, 93, '新年快乐', '1518712073'),
(88, 92, '阖家安康，狗年旺旺旺！！', '1518712080'),
(89, 94, '各位校友新春快乐！新年一切都旺！', '1518712089'),
(90, 91, '祝老师同学们新年快乐，万事如意，财旺福旺身体旺，学业事业旺旺旺！', '1518712179'),
(91, 96, '祝广外校友们狗年旺旺旺～', '1518712197'),
(92, 102, '祝校友们新春快乐～平安顺遂心想事成！狗年旺旺旺！！！', '1518712613'),
(93, 105, '新春快乐！狗年旺旺旺！', '1518712644'),
(94, 104, '狗年啦，祝大家狗年旺旺，事业旺旺，身体旺旺，财运旺旺，学业旺旺', '1518712649'),
(95, 106, '祝大家狗年旺旺！', '1518712756'),
(96, 107, '希望母校越来越好！大家新年快乐！身体健康！', '1518712806'),
(97, 110, '广外越办越好\n', '1518712941'),
(98, 109, '母校及校友们新年样样好！', '1518712962'),
(99, 113, '祝福送给所有校友，祝大家新年快乐，幸福美满！', '1518713344'),
(100, 115, '狗年旺旺！', '1518713395'),
(101, 116, '新年进步！', '1518713551'),
(102, 118, '新年快乐，心想事成', '1518713986'),
(103, 119, '祝各位校友狗年旺旺旺！', '1518714128'),
(104, 121, '新年顺利！学校越办越好！', '1518726542'),
(105, 122, '狗年行大运，gong xi fa cai', '1518736568'),
(106, 125, '祝大家新年快乐！万事胜意！', '1518740667'),
(107, 127, '祝广外人越来越好，新年好运连连', '1518748722'),
(108, 130, '各位校友狗年大吉！！身体健康！！', '1518750726'),
(109, 129, '祝母校越办越好，校友师生们阖家安康心想事成旺旺旺', '1518750763'),
(110, 75, '祝大家新年快乐！身体健康！学习进步！工作顺利！', '1518750838'),
(111, 132, '新年快乐！', '1518750857'),
(112, 133, '希望广外越来越好，校友会越来越好，新年快乐！！！', '1518750887'),
(113, 133, '祝大家心想事成', '1518750931'),
(114, 137, '祝各位校友新春快乐！身体健康！祝母校广外越办越好！', '1518751049'),
(115, 136, '祝大家新年快乐 万事如意 身体健康 ！', '1518751051'),
(116, 139, '狗年大吉', '1518751357'),
(117, 112, '祝福广外', '1518751397'),
(118, 141, '新年快乐，万事如意', '1518751522'),
(119, 142, '新年暴富！', '1518752103'),
(120, 143, '新年快乐', '1518753633'),
(121, 145, '祝母校越来越好，校友们新春快乐，旺年兴旺发达！', '1518754299'),
(122, 148, '祝母校越来越好！祝全球校友新春大吉，阖家幸福！', '1518754982'),
(123, 147, '新年快乐，身体健康！万事如意', '1518754982'),
(124, 150, '一日广外人，一生广外情。新春大吉！', '1518758479'),
(125, 151, '祝大家新年快乐，开开心心^_^', '1518759276'),
(126, 153, '祝愿广外母校越办越好！', '1518787109');

-- --------------------------------------------------------

--
-- 表的结构 `number`
--

CREATE TABLE `number` (
  `id` int(255) NOT NULL,
  `number` int(255) NOT NULL COMMENT '记录一共多少用户/多少评论'
) ENGINE=InnoDB DEFAULT CHARSET=utf8;

--
-- 转存表中的数据 `number`
--

INSERT INTO `number` (`id`, `number`) VALUES
(1, 111),
(2, 67);

-- --------------------------------------------------------

--
-- 表的结构 `user`
--

CREATE TABLE `user` (
  `id` int(255) NOT NULL,
  `username` varchar(100) NOT NULL COMMENT '名字',
  `major` varchar(100) NOT NULL COMMENT '专业',
  `rank` int(255) NOT NULL COMMENT '第几个用户'
) ENGINE=InnoDB DEFAULT CHARSET=utf8;

--
-- 转存表中的数据 `user`
--

INSERT INTO `user` (`id`, `username`, `major`, `rank`) VALUES
(46, '陈超林', '16信息', 1),
(47, '郑铿涛', '16信息', 2),
(48, '陈协', '14英语', 3),
(49, 'Superlin ', '前端', 4),
(50, '小哥', '前端', 5),
(51, '柯晓晨', '17计算机', 6),
(52, '刘雯诗', '15会计', 7),
(53, '哈哈', '嘻嘻', 8),
(54, '陈铭', '12商英', 9),
(55, '刘旭夫', '14计算机', 10),
(56, 'LYL', '16信息', 11),
(57, '计算机1604', '世豪', 12),
(58, '胡铭君', '15英文', 13),
(59, '张明婷', '05英文', 14),
(60, '廖华彬', '09俄语', 15),
(61, '关淑华', '会计1301', 16),
(62, '罗钰', '法学', 17),
(63, '杨茵茵', '13国贸', 18),
(64, '袁舒琴', '12泰语', 19),
(65, '钟莹', '05日语', 20),
(66, '曹映霞', '13法学', 21),
(67, '毕建永', '校友会', 22),
(68, '胡晓霖', '16泰语', 23),
(69, '蕭文容', '13信管', 24),
(70, '黄家恒', '13会计', 25),
(71, '马声灿', '16审计', 26),
(72, '陈家俊', '16经济', 27),
(73, '罗建科', '05会计', 28),
(74, '张博', '08中文', 29),
(75, '陈华映', '17金融', 30),
(76, '宋嘉梦', '11商英', 31),
(77, '蔡骊泓', '2017泰语', 32),
(78, '罗钰', '16知产', 33),
(79, 'BeckyHsu', '052金融', 34),
(80, '黄紫嫣', '16英文', 35),
(81, '张瑞雪', '16英文', 36),
(82, '黄伟杰', '03物流', 37),
(83, '吴逢庆', '87日语', 38),
(84, '钟晓琦', '16英文', 39),
(85, '马剑平', '人管1302', 40),
(86, '梅杰南', '17人力资源', 41),
(87, '陈少华', '92秘书', 42),
(88, '刁宇浩', '12保险', 43),
(89, '余安琪', '13英语教育', 44),
(90, '仙女', '数媒1701', 45),
(91, '刘守业', '86德语', 46),
(92, '谢冉冉', '03法学', 47),
(93, '文迪', '2015思政', 48),
(94, '梁颖', '16法语', 49),
(95, '徐培丰', '保险1101', 50),
(96, '徐瑶', '07金融', 51),
(97, '陈祺', '13英教', 52),
(98, 'Jessica', '17英教', 53),
(99, '李文坚', '07英文', 54),
(100, '叶拉拉', '08经济学', 55),
(101, '陈燕平', '08法学', 56),
(102, '谭丽媛', '10法学', 57),
(103, '郑欣', '13英教', 58),
(104, '张杉', '16金融', 59),
(105, '麦海波', '03法学', 60),
(106, '刘庆丹', '03法语', 61),
(107, '倪惠', '08艺管', 62),
(108, '林莉敏', '99', 63),
(109, '杨泽利', '87国贸', 64),
(110, '任铭新', '13审计', 65),
(111, '王慧芳', '2010级越南语', 66),
(112, '林慧', '14俄语', 67),
(113, '王磊', '英90', 68),
(114, '林慧', '俄语14', 69),
(115, '杨雪', '03泰', 70),
(116, '李列', '03级法学', 71),
(117, '杨缤淇', '09商英', 72),
(118, '刘丹', '09法学', 73),
(119, '许勇涛', '13', 74),
(120, '张玉榕', '09外交', 75),
(121, '朱宜辉', '02信息', 76),
(122, '彭程', '16shen\'ji', 77),
(123, '谭秋云', '98国际经济法', 78),
(124, '林莹婷', '计算机1707', 79),
(125, '郑挺生', '81财政', 80),
(126, '陈超林', '16网工', 81),
(127, '翁佳敏', '09商英', 82),
(128, '陆仰丽', '16信息', 83),
(129, '朱秋丽', '08广告', 84),
(130, '黄燕婷', '05法语', 85),
(131, '梁良', '04财务管理', 86),
(132, '林茹', '15涉外企业行政', 87),
(133, '庄梦碟', '国际经济法1502', 88),
(134, '郭蕴婷', '09心理', 89),
(135, '郭劲', '03金融', 90),
(136, '贺广香', '15国旅', 91),
(137, '黄仲鸣', '13级汉语言', 92),
(138, '左洁雯', '2010中文汉语言', 93),
(139, '梁雯', '17现代企业管理', 94),
(140, '汪君', '17营销', 95),
(141, '陈华美', '11心理', 96),
(142, '谢杰', '13德语', 97),
(143, '区国梓', '13金融', 98),
(144, '张政', '12金融', 99),
(145, '夏率哥', '14MIB', 100),
(146, '陈彤尧', '16国贸', 101),
(147, '陈宇峻', '96涉外会计', 102),
(148, '刘帆', '94商英', 103),
(149, '钟舒萍', '13财政', 104),
(150, '张嘉雯', '10税务', 105),
(151, '王秋欣', '13财管', 106),
(152, '小哥哥', '19计算机', 107),
(153, '刘真', '08保险', 108),
(154, '小哥', '19信息', 109),
(155, '朱昱洁', '13会计', 110),
(156, '戚云朋', '13信息', 111);

--
-- Indexes for dumped tables
--

--
-- Indexes for table `comment`
--
ALTER TABLE `comment`
  ADD PRIMARY KEY (`id`);

--
-- Indexes for table `number`
--
ALTER TABLE `number`
  ADD PRIMARY KEY (`id`);

--
-- Indexes for table `user`
--
ALTER TABLE `user`
  ADD PRIMARY KEY (`id`);

--
-- 在导出的表使用AUTO_INCREMENT
--

--
-- 使用表AUTO_INCREMENT `comment`
--
ALTER TABLE `comment`
  MODIFY `id` int(254) NOT NULL AUTO_INCREMENT, AUTO_INCREMENT=127;
--
-- 使用表AUTO_INCREMENT `number`
--
ALTER TABLE `number`
  MODIFY `id` int(255) NOT NULL AUTO_INCREMENT, AUTO_INCREMENT=3;
--
-- 使用表AUTO_INCREMENT `user`
--
ALTER TABLE `user`
  MODIFY `id` int(255) NOT NULL AUTO_INCREMENT, AUTO_INCREMENT=157;
/*!40101 SET CHARACTER_SET_CLIENT=@OLD_CHARACTER_SET_CLIENT */;
/*!40101 SET CHARACTER_SET_RESULTS=@OLD_CHARACTER_SET_RESULTS */;
/*!40101 SET COLLATION_CONNECTION=@OLD_COLLATION_CONNECTION */;
